thrid,emails,people,time duration,date,to,from
1524634678349437494,1,1,0,"Jan 28, 2016 13:15:33",['dbc0cb3d23683389205e9e0ca07c0c0dd69c586b0e38c4b4ac3129a5'],dbc0cb3d23683389205e9e0ca07c0c0dd69c586b0e38c4b4ac3129a5
1518023362680857274,1,2,0,"Jan 2, 2016 20:30:32",['0278e200bc315bf28c09742c1456d3bc4e3e37a80e99a5c831e2cd1c'],4bcd7a2cbb4e8c2e9e88f920ab465252b8f8f71cccb6098f14466ee8
1524255010605592719,1,2,0,"Jan 24, 2016 08:40:50",['5a94809309aaa848af2cd887ae7ad6e793c26622d77520452755369b'],dcafc6dad8932df99b413b19b4267ec4f972d46cdc1827afa3eb09a6
1520535658405764764,1,2,0,"Jan 11, 2016 12:52:37",['29bffd5b0775444331683ee68600294a51fba3f1ab16245311dec110'],cb0207a1c07d0571493dba9127046d1efbeb3beff5c922a6022b62e6
1523917748098764067,1,2,0,"Jan 20, 2016 20:20:15",['4bcd7a2cbb4e8c2e9e88f920ab465252b8f8f71cccb6098f14466ee8'],96fcab7f366952eb891e2ab740d17e256b16c0844cf2a1d7073d3c45
1524732499823642882,1,2,0,"Jan 29, 2016 15:09:21",['76e4af1fdf6e2261db1c0044d3b24c4d062d43fee3fcc0ea4140527b'],6d5f470dd8bcc76ece3f8f218a2b193014b6439a11b41ad4b361902f
1518744589037837666,3,2,1,"Jan 2, 2016 20:38:28",['6a45453ec1197c363c565d9950eb70d792f36a516f4195bb9c71a76c'],76e4af1fdf6e2261db1c0044d3b24c4d062d43fee3fcc0ea4140527b
1518744589037837666,3,2,1,"Jan 3, 2016 02:51:36",['76e4af1fdf6e2261db1c0044d3b24c4d062d43fee3fcc0ea4140527b'],6a45453ec1197c363c565d9950eb70d792f36a516f4195bb9c71a76c
1518744589037837666,3,2,1,"Jan 3, 2016 16:36:26",['6a45453ec1197c363c565d9950eb70d792f36a516f4195bb9c71a76c'],76e4af1fdf6e2261db1c0044d3b24c4d062d43fee3fcc0ea4140527b
1522506762138389291,5,3,1,"Jan 5, 2016 06:33:09",['76e4af1fdf6e2261db1c0044d3b24c4d062d43fee3fcc0ea4140527b'],5a94809309aaa848af2cd887ae7ad6e793c26622d77520452755369b
1522506762138389291,5,3,1,"Jan 5, 2016 13:40:07",['5a94809309aaa848af2cd887ae7ad6e793c26622d77520452755369b'],4bcd7a2cbb4e8c2e9e88f920ab465252b8f8f71cccb6098f14466ee8
1522506762138389291,5,3,1,"Jan 5, 2016 18:43:51",['4bcd7a2cbb4e8c2e9e88f920ab465252b8f8f71cccb6098f14466ee8'],5a94809309aaa848af2cd887ae7ad6e793c26622d77520452755369b
1522506762138389291,5,3,1,"Jan 6, 2016 15:05:52",['5a94809309aaa848af2cd887ae7ad6e793c26622d77520452755369b'],76e4af1fdf6e2261db1c0044d3b24c4d062d43fee3fcc0ea4140527b
1522506762138389291,5,3,1,"Jan 6, 2016 20:11:50",['76e4af1fdf6e2261db1c0044d3b24c4d062d43fee3fcc0ea4140527b'],5a94809309aaa848af2cd887ae7ad6e793c26622d77520452755369b
1524663757688695759,4,5,1,"Jan 28, 2016 20:57:36","['86647f2065368e8c1193e369037c9125239d2e474ccc9afaf5170800', '9f1395ac05bd1568d1d421b6948b394231c80c0d41af313cbd609300']",bd0f0e07ac3241f9994e5beb87ece8834c4dc7c3bd2c6c8e9e449edd
1524663757688695759,4,5,1,"Jan 28, 2016 22:48:30",['bd0f0e07ac3241f9994e5beb87ece8834c4dc7c3bd2c6c8e9e449edd'],9f1395ac05bd1568d1d421b6948b394231c80c0d41af313cbd609300
1524663757688695759,4,5,1,"Jan 29, 2016 05:59:22",['bd0f0e07ac3241f9994e5beb87ece8834c4dc7c3bd2c6c8e9e449edd'],86647f2065368e8c1193e369037c9125239d2e474ccc9afaf5170800
1524663757688695759,4,5,1,"Jan 29, 2016 20:49:29","['17ddb317f7f654ea103f1ac9494bb6a66c58a8752a6e4a3cce271f1e', '8d80cd673ab8aaf4fcdb42b9c20ec49d13b58c6eb0eb0d4d20ce11b0']",9f1395ac05bd1568d1d421b6948b394231c80c0d41af313cbd609300
1523890512515069585,3,3,2,"Jan 20, 2016 14:07:00",['e217df7efc0ae972a456ffb24fe956e6c4fb79227ec3dde980edc5d5'],13c1563ef2f18981c69380f824f562fd8a83ea890b525c05e86e296e
1523890512515069585,3,3,2,"Jan 20, 2016 22:48:44",['13c1563ef2f18981c69380f824f562fd8a83ea890b525c05e86e296e'],76e4af1fdf6e2261db1c0044d3b24c4d062d43fee3fcc0ea4140527b
1523890512515069585,3,3,2,"Jan 22, 2016 00:22:09",['76e4af1fdf6e2261db1c0044d3b24c4d062d43fee3fcc0ea4140527b'],13c1563ef2f18981c69380f824f562fd8a83ea890b525c05e86e296e
1524645345185005848,7,6,3,"Jan 28, 2016 21:05:02",['534627f488e21105967c4983f75f609e81d6b08d12f0aa86d49749fc'],ac4041b86cf9a11ac400ae662f3bbad3d20922983314878d59707902
1524645345185005848,7,6,3,"Jan 28, 2016 18:54:59",['534627f488e21105967c4983f75f609e81d6b08d12f0aa86d49749fc'],76e4af1fdf6e2261db1c0044d3b24c4d062d43fee3fcc0ea4140527b
1524645345185005848,7,6,3,"Jan 29, 2016 09:15:11",['534627f488e21105967c4983f75f609e81d6b08d12f0aa86d49749fc'],4545b6be2641e80180a380363be504d451675ab5af347b06e2935ca5
1524645345185005848,7,6,3,"Jan 30, 2016 11:22:00",['534627f488e21105967c4983f75f609e81d6b08d12f0aa86d49749fc'],0b2d7e4595cc0942800125e9ce22b807fb017ec7f5dcd4476c096673
1524645345185005848,7,6,3,"Jan 30, 2016 13:21:21",['534627f488e21105967c4983f75f609e81d6b08d12f0aa86d49749fc'],ab927f4c3012127cb7a431f6e13dfb5588ad1693a10df812191a4635
1524645345185005848,7,6,3,"Jan 30, 2016 14:17:13",['534627f488e21105967c4983f75f609e81d6b08d12f0aa86d49749fc'],76e4af1fdf6e2261db1c0044d3b24c4d062d43fee3fcc0ea4140527b
1524645345185005848,7,6,3,"Jan 31, 2016 16:06:03",['534627f488e21105967c4983f75f609e81d6b08d12f0aa86d49749fc'],ac4041b86cf9a11ac400ae662f3bbad3d20922983314878d59707902
1524197277614271388,5,4,5,"Jan 23, 2016 17:23:11",['76e4af1fdf6e2261db1c0044d3b24c4d062d43fee3fcc0ea4140527b'],1acbeca36e5069cdf7e3dbd7eefc7035f477c44d4707e9d81e187e0d
1524197277614271388,5,4,5,"Jan 24, 2016 16:34:55",['87f683d103c5b6f06e10915d6fa3fe1220abf4b1613bb1be4687ab46'],76e4af1fdf6e2261db1c0044d3b24c4d062d43fee3fcc0ea4140527b
1524197277614271388,5,4,5,"Jan 28, 2016 13:35:14",['4bcd7a2cbb4e8c2e9e88f920ab465252b8f8f71cccb6098f14466ee8'],4bcd7a2cbb4e8c2e9e88f920ab465252b8f8f71cccb6098f14466ee8
1524197277614271388,5,4,5,"Jan 28, 2016 20:12:59",['87f683d103c5b6f06e10915d6fa3fe1220abf4b1613bb1be4687ab46'],76e4af1fdf6e2261db1c0044d3b24c4d062d43fee3fcc0ea4140527b
1524197277614271388,5,4,5,"Jan 28, 2016 22:01:02",['76e4af1fdf6e2261db1c0044d3b24c4d062d43fee3fcc0ea4140527b'],1aee2696428f55e1944db2c15f2c8c0c53eed82a050f39ed2e966355
1523412158021838141,4,6,5,"Jan 15, 2016 01:24:05","['118f703e6d81cfa546410ec4a4f23862694e176d72ef8447a26ad6e1', '730aadd89ea722cb07f9547ee028fd0dfb9ced3a0968dcd55808695e', 'bff8b5077e141d3f8789c5740b21177724205c960f14a9ce86c77c3b', '76e4af1fdf6e2261db1c0044d3b24c4d062d43fee3fcc0ea4140527b', '4c630b36afeed38731650a363c9efcadc8b4ef2f5a0a5d213f493adc']",754efb8f826033dd31965f6b2f7bc8752cb6e1b5eac06027a28d58a1
1523412158021838141,4,6,5,"Jan 16, 2016 16:05:06",['754efb8f826033dd31965f6b2f7bc8752cb6e1b5eac06027a28d58a1'],730aadd89ea722cb07f9547ee028fd0dfb9ced3a0968dcd55808695e
1523412158021838141,4,6,5,"Jan 16, 2016 16:11:00",['730aadd89ea722cb07f9547ee028fd0dfb9ced3a0968dcd55808695e'],4c630b36afeed38731650a363c9efcadc8b4ef2f5a0a5d213f493adc
1523412158021838141,4,6,5,"Jan 20, 2016 23:22:14",['754efb8f826033dd31965f6b2f7bc8752cb6e1b5eac06027a28d58a1'],76e4af1fdf6e2261db1c0044d3b24c4d062d43fee3fcc0ea4140527b
1520014755189059556,8,3,8,"Jan 4, 2016 14:00:12",['025b7c1eb65a3649b50dc6ab43f8161c9af334635e9711070fa958a5'],76e4af1fdf6e2261db1c0044d3b24c4d062d43fee3fcc0ea4140527b
1520014755189059556,8,3,8,"Jan 6, 2016 23:08:47",['025b7c1eb65a3649b50dc6ab43f8161c9af334635e9711070fa958a5'],76e4af1fdf6e2261db1c0044d3b24c4d062d43fee3fcc0ea4140527b
1520014755189059556,8,3,8,"Jan 7, 2016 21:36:26",['76e4af1fdf6e2261db1c0044d3b24c4d062d43fee3fcc0ea4140527b'],025b7c1eb65a3649b50dc6ab43f8161c9af334635e9711070fa958a5
1520014755189059556,8,3,8,"Jan 7, 2016 16:59:53",['025b7c1eb65a3649b50dc6ab43f8161c9af334635e9711070fa958a5'],76e4af1fdf6e2261db1c0044d3b24c4d062d43fee3fcc0ea4140527b
1520014755189059556,8,3,8,"Jan 11, 2016 23:01:28",['76e4af1fdf6e2261db1c0044d3b24c4d062d43fee3fcc0ea4140527b'],025b7c1eb65a3649b50dc6ab43f8161c9af334635e9711070fa958a5
1520014755189059556,8,3,8,"Jan 12, 2016 01:21:30",['025b7c1eb65a3649b50dc6ab43f8161c9af334635e9711070fa958a5'],4bcd7a2cbb4e8c2e9e88f920ab465252b8f8f71cccb6098f14466ee8
1520014755189059556,8,3,8,"Jan 12, 2016 16:06:40",['4bcd7a2cbb4e8c2e9e88f920ab465252b8f8f71cccb6098f14466ee8'],025b7c1eb65a3649b50dc6ab43f8161c9af334635e9711070fa958a5
1520014755189059556,8,3,8,"Jan 12, 2016 17:50:05",['025b7c1eb65a3649b50dc6ab43f8161c9af334635e9711070fa958a5'],4bcd7a2cbb4e8c2e9e88f920ab465252b8f8f71cccb6098f14466ee8
1518376768164209230,4,2,9,"Jan 3, 2016 16:39:35",['48a67ce5c4c956297b80af7c10dc0e5bdafac339910421c0ad6778dc'],4bcd7a2cbb4e8c2e9e88f920ab465252b8f8f71cccb6098f14466ee8
1518376768164209230,4,2,9,"Jan 3, 2016 17:18:07",['4bcd7a2cbb4e8c2e9e88f920ab465252b8f8f71cccb6098f14466ee8'],48a67ce5c4c956297b80af7c10dc0e5bdafac339910421c0ad6778dc
1518376768164209230,4,2,9,"Jan 12, 2016 09:32:54",['4bcd7a2cbb4e8c2e9e88f920ab465252b8f8f71cccb6098f14466ee8'],48a67ce5c4c956297b80af7c10dc0e5bdafac339910421c0ad6778dc
1518376768164209230,4,2,9,"Jan 12, 2016 17:45:29",['48a67ce5c4c956297b80af7c10dc0e5bdafac339910421c0ad6778dc'],4bcd7a2cbb4e8c2e9e88f920ab465252b8f8f71cccb6098f14466ee8
1523916904118507763,6,3,11,"Jan 20, 2016 20:06:50","['d86cb076f57cf18106979a63ad09308f105f9e161ecac937a3e9e8a7', '514e503006314971283eff6b54fb1066678b0288f843119b6b51256a']",4bcd7a2cbb4e8c2e9e88f920ab465252b8f8f71cccb6098f14466ee8
1523916904118507763,6,3,11,"Jan 20, 2016 12:44:41",['4bcd7a2cbb4e8c2e9e88f920ab465252b8f8f71cccb6098f14466ee8'],514e503006314971283eff6b54fb1066678b0288f843119b6b51256a
1523916904118507763,6,3,11,"Jan 20, 2016 22:47:23",['514e503006314971283eff6b54fb1066678b0288f843119b6b51256a'],4bcd7a2cbb4e8c2e9e88f920ab465252b8f8f71cccb6098f14466ee8
1523916904118507763,6,3,11,"Jan 21, 2016 09:22:46",['4bcd7a2cbb4e8c2e9e88f920ab465252b8f8f71cccb6098f14466ee8'],d86cb076f57cf18106979a63ad09308f105f9e161ecac937a3e9e8a7
1523916904118507763,6,3,11,"Jan 31, 2016 13:37:07",['4bcd7a2cbb4e8c2e9e88f920ab465252b8f8f71cccb6098f14466ee8'],4bcd7a2cbb4e8c2e9e88f920ab465252b8f8f71cccb6098f14466ee8
1523916904118507763,6,3,11,"Jan 31, 2016 19:42:10",['d86cb076f57cf18106979a63ad09308f105f9e161ecac937a3e9e8a7'],4bcd7a2cbb4e8c2e9e88f920ab465252b8f8f71cccb6098f14466ee8
1522926788930328123,3,2,12,"Jan 10, 2016 05:49:23",['76e4af1fdf6e2261db1c0044d3b24c4d062d43fee3fcc0ea4140527b'],001b223a6690d5f0e1e0ac74297149e6d566967c67e5e231f4946b1b
1522926788930328123,3,2,12,"Jan 20, 2016 23:53:28",['001b223a6690d5f0e1e0ac74297149e6d566967c67e5e231f4946b1b'],76e4af1fdf6e2261db1c0044d3b24c4d062d43fee3fcc0ea4140527b
1522926788930328123,3,2,12,"Jan 22, 2016 10:24:40",['76e4af1fdf6e2261db1c0044d3b24c4d062d43fee3fcc0ea4140527b'],001b223a6690d5f0e1e0ac74297149e6d566967c67e5e231f4946b1b
1523371507236941063,7,5,12,"Jan 14, 2016 19:37:52","['35fccd47621bde66d46b9748c911a6d316124275dfc1223dd76e18cb', '76e4af1fdf6e2261db1c0044d3b24c4d062d43fee3fcc0ea4140527b', '06cc2bec584bef2a064342b6aa9d063f87ba7f0eb34e37895749e839']",4ad1be07941cd9bd58b1d2dfedce5d3d2453d1c463eedb3012c53b8b
1523371507236941063,7,5,12,"Jan 14, 2016 15:29:13","['4ad1be07941cd9bd58b1d2dfedce5d3d2453d1c463eedb3012c53b8b', '76e4af1fdf6e2261db1c0044d3b24c4d062d43fee3fcc0ea4140527b', '06cc2bec584bef2a064342b6aa9d063f87ba7f0eb34e37895749e839']",35fccd47621bde66d46b9748c911a6d316124275dfc1223dd76e18cb
1523371507236941063,7,5,12,"Jan 21, 2016 20:46:58","['35fccd47621bde66d46b9748c911a6d316124275dfc1223dd76e18cb', '76e4af1fdf6e2261db1c0044d3b24c4d062d43fee3fcc0ea4140527b', '06cc2bec584bef2a064342b6aa9d063f87ba7f0eb34e37895749e839']",4ad1be07941cd9bd58b1d2dfedce5d3d2453d1c463eedb3012c53b8b
1523371507236941063,7,5,12,"Jan 21, 2016 15:59:49","['4ad1be07941cd9bd58b1d2dfedce5d3d2453d1c463eedb3012c53b8b', 'c837782dc91fb6058231b3595bbee531c1b021e4352207f1704b8b5d']",35fccd47621bde66d46b9748c911a6d316124275dfc1223dd76e18cb
1523371507236941063,7,5,12,"Jan 26, 2016 21:22:27",['35fccd47621bde66d46b9748c911a6d316124275dfc1223dd76e18cb'],76e4af1fdf6e2261db1c0044d3b24c4d062d43fee3fcc0ea4140527b
1523371507236941063,7,5,12,"Jan 26, 2016 22:03:32",['76e4af1fdf6e2261db1c0044d3b24c4d062d43fee3fcc0ea4140527b'],c837782dc91fb6058231b3595bbee531c1b021e4352207f1704b8b5d
1523371507236941063,7,5,12,"Jan 26, 2016 22:10:57",['c837782dc91fb6058231b3595bbee531c1b021e4352207f1704b8b5d'],76e4af1fdf6e2261db1c0044d3b24c4d062d43fee3fcc0ea4140527b
1523322322643502267,16,3,15,"Jan 14, 2016 01:36:10",['fb72e487a49b8feb20f94b5d809a67faf82415cc6b38ca6f03468647'],0ed4e827fcaa19e68b9c8a65c9db39410939b1d92358edd4b6a40174
1523322322643502267,16,3,15,"Jan 14, 2016 13:19:06",['0ed4e827fcaa19e68b9c8a65c9db39410939b1d92358edd4b6a40174'],4bcd7a2cbb4e8c2e9e88f920ab465252b8f8f71cccb6098f14466ee8
1523322322643502267,16,3,15,"Jan 14, 2016 18:19:27","['4bcd7a2cbb4e8c2e9e88f920ab465252b8f8f71cccb6098f14466ee8', '0ed4e827fcaa19e68b9c8a65c9db39410939b1d92358edd4b6a40174']",fb72e487a49b8feb20f94b5d809a67faf82415cc6b38ca6f03468647
1523322322643502267,16,3,15,"Jan 14, 2016 13:19:57",['0ed4e827fcaa19e68b9c8a65c9db39410939b1d92358edd4b6a40174'],4bcd7a2cbb4e8c2e9e88f920ab465252b8f8f71cccb6098f14466ee8
1523322322643502267,16,3,15,"Jan 14, 2016 13:21:08",['fb72e487a49b8feb20f94b5d809a67faf82415cc6b38ca6f03468647'],4bcd7a2cbb4e8c2e9e88f920ab465252b8f8f71cccb6098f14466ee8
1523322322643502267,16,3,15,"Jan 14, 2016 20:35:21",['0ed4e827fcaa19e68b9c8a65c9db39410939b1d92358edd4b6a40174'],fb72e487a49b8feb20f94b5d809a67faf82415cc6b38ca6f03468647
1523322322643502267,16,3,15,"Jan 27, 2016 00:46:23",['fb72e487a49b8feb20f94b5d809a67faf82415cc6b38ca6f03468647'],0ed4e827fcaa19e68b9c8a65c9db39410939b1d92358edd4b6a40174
1523322322643502267,16,3,15,"Jan 27, 2016 01:05:24",['fb72e487a49b8feb20f94b5d809a67faf82415cc6b38ca6f03468647'],0ed4e827fcaa19e68b9c8a65c9db39410939b1d92358edd4b6a40174
1523322322643502267,16,3,15,"Jan 27, 2016 13:46:47",['0ed4e827fcaa19e68b9c8a65c9db39410939b1d92358edd4b6a40174'],4bcd7a2cbb4e8c2e9e88f920ab465252b8f8f71cccb6098f14466ee8
1523322322643502267,16,3,15,"Jan 27, 2016 20:19:33","['4bcd7a2cbb4e8c2e9e88f920ab465252b8f8f71cccb6098f14466ee8', '0ed4e827fcaa19e68b9c8a65c9db39410939b1d92358edd4b6a40174']",fb72e487a49b8feb20f94b5d809a67faf82415cc6b38ca6f03468647
1523322322643502267,16,3,15,"Jan 27, 2016 18:31:42",['fb72e487a49b8feb20f94b5d809a67faf82415cc6b38ca6f03468647'],4bcd7a2cbb4e8c2e9e88f920ab465252b8f8f71cccb6098f14466ee8
1523322322643502267,16,3,15,"Jan 27, 2016 23:34:34",['4bcd7a2cbb4e8c2e9e88f920ab465252b8f8f71cccb6098f14466ee8'],fb72e487a49b8feb20f94b5d809a67faf82415cc6b38ca6f03468647
1523322322643502267,16,3,15,"Jan 27, 2016 18:44:26",['fb72e487a49b8feb20f94b5d809a67faf82415cc6b38ca6f03468647'],4bcd7a2cbb4e8c2e9e88f920ab465252b8f8f71cccb6098f14466ee8
1523322322643502267,16,3,15,"Jan 27, 2016 18:52:38",['4bcd7a2cbb4e8c2e9e88f920ab465252b8f8f71cccb6098f14466ee8'],0ed4e827fcaa19e68b9c8a65c9db39410939b1d92358edd4b6a40174
1523322322643502267,16,3,15,"Jan 29, 2016 17:00:01","['0ed4e827fcaa19e68b9c8a65c9db39410939b1d92358edd4b6a40174', '4bcd7a2cbb4e8c2e9e88f920ab465252b8f8f71cccb6098f14466ee8']",fb72e487a49b8feb20f94b5d809a67faf82415cc6b38ca6f03468647
1523322322643502267,16,3,15,"Jan 29, 2016 14:41:58",['fb72e487a49b8feb20f94b5d809a67faf82415cc6b38ca6f03468647'],4bcd7a2cbb4e8c2e9e88f920ab465252b8f8f71cccb6098f14466ee8
1522402385788792262,2,2,17,"Jan 3, 2016 21:53:32",['76e4af1fdf6e2261db1c0044d3b24c4d062d43fee3fcc0ea4140527b'],95f96afcf855c99c7f611ef558e6a20602cfa8c31b1cc194a89fd2d4
1522402385788792262,2,2,17,"Jan 20, 2016 23:37:54",['95f96afcf855c99c7f611ef558e6a20602cfa8c31b1cc194a89fd2d4'],76e4af1fdf6e2261db1c0044d3b24c4d062d43fee3fcc0ea4140527b
1522468673429092186,18,6,22,"Jan 4, 2016 15:27:51",['e4c490b23885ae0f6a36a1d6341b3cf1c7b0c3380b9530207299fa3b'],76e4af1fdf6e2261db1c0044d3b24c4d062d43fee3fcc0ea4140527b
1522468673429092186,18,6,22,"Jan 4, 2016 17:47:46",['76e4af1fdf6e2261db1c0044d3b24c4d062d43fee3fcc0ea4140527b'],e4c490b23885ae0f6a36a1d6341b3cf1c7b0c3380b9530207299fa3b
1522468673429092186,18,6,22,"Jan 4, 2016 18:40:17",['9087f42846a1ce2442df1b90c3aaff34c5dc8b4f16e837d680332a69'],76e4af1fdf6e2261db1c0044d3b24c4d062d43fee3fcc0ea4140527b
1522468673429092186,18,6,22,"Jan 4, 2016 22:58:01",['e4c490b23885ae0f6a36a1d6341b3cf1c7b0c3380b9530207299fa3b'],76e4af1fdf6e2261db1c0044d3b24c4d062d43fee3fcc0ea4140527b
1522468673429092186,18,6,22,"Jan 6, 2016 13:14:57",['76e4af1fdf6e2261db1c0044d3b24c4d062d43fee3fcc0ea4140527b'],e4c490b23885ae0f6a36a1d6341b3cf1c7b0c3380b9530207299fa3b
1522468673429092186,18,6,22,"Jan 7, 2016 15:39:27",['e4c490b23885ae0f6a36a1d6341b3cf1c7b0c3380b9530207299fa3b'],76e4af1fdf6e2261db1c0044d3b24c4d062d43fee3fcc0ea4140527b
1522468673429092186,18,6,22,"Jan 11, 2016 12:40:12",['4bcd7a2cbb4e8c2e9e88f920ab465252b8f8f71cccb6098f14466ee8'],4bcd7a2cbb4e8c2e9e88f920ab465252b8f8f71cccb6098f14466ee8
1522468673429092186,18,6,22,"Jan 12, 2016 18:15:24",['76e4af1fdf6e2261db1c0044d3b24c4d062d43fee3fcc0ea4140527b'],e4c490b23885ae0f6a36a1d6341b3cf1c7b0c3380b9530207299fa3b
1522468673429092186,18,6,22,"Jan 14, 2016 00:02:50",['e4c490b23885ae0f6a36a1d6341b3cf1c7b0c3380b9530207299fa3b'],76e4af1fdf6e2261db1c0044d3b24c4d062d43fee3fcc0ea4140527b
1522468673429092186,18,6,22,"Jan 14, 2016 19:31:57","['71f1c86b682f4177f722eaf92b3dcafd059e5781767866a60ed4ea54', 'e4c490b23885ae0f6a36a1d6341b3cf1c7b0c3380b9530207299fa3b']",480392f0c1228952ed738645bfd2930a969029acf943e8fbf003cb99
1522468673429092186,18,6,22,"Jan 14, 2016 14:20:43",['480392f0c1228952ed738645bfd2930a969029acf943e8fbf003cb99'],e4c490b23885ae0f6a36a1d6341b3cf1c7b0c3380b9530207299fa3b
1522468673429092186,18,6,22,"Jan 20, 2016 10:07:28",['480392f0c1228952ed738645bfd2930a969029acf943e8fbf003cb99'],e4c490b23885ae0f6a36a1d6341b3cf1c7b0c3380b9530207299fa3b
1522468673429092186,18,6,22,"Jan 20, 2016 10:09:12",['e4c490b23885ae0f6a36a1d6341b3cf1c7b0c3380b9530207299fa3b'],76e4af1fdf6e2261db1c0044d3b24c4d062d43fee3fcc0ea4140527b
1522468673429092186,18,6,22,"Jan 20, 2016 10:16:37",['76e4af1fdf6e2261db1c0044d3b24c4d062d43fee3fcc0ea4140527b'],71f1c86b682f4177f722eaf92b3dcafd059e5781767866a60ed4ea54
1522468673429092186,18,6,22,"Jan 20, 2016 13:18:37",['71f1c86b682f4177f722eaf92b3dcafd059e5781767866a60ed4ea54'],76e4af1fdf6e2261db1c0044d3b24c4d062d43fee3fcc0ea4140527b
1522468673429092186,18,6,22,"Jan 21, 2016 10:33:06",['4bcd7a2cbb4e8c2e9e88f920ab465252b8f8f71cccb6098f14466ee8'],4bcd7a2cbb4e8c2e9e88f920ab465252b8f8f71cccb6098f14466ee8
1522468673429092186,18,6,22,"Jan 26, 2016 10:02:42",['76e4af1fdf6e2261db1c0044d3b24c4d062d43fee3fcc0ea4140527b'],71f1c86b682f4177f722eaf92b3dcafd059e5781767866a60ed4ea54
1522468673429092186,18,6,22,"Jan 26, 2016 21:43:04","['76e4af1fdf6e2261db1c0044d3b24c4d062d43fee3fcc0ea4140527b', '71f1c86b682f4177f722eaf92b3dcafd059e5781767866a60ed4ea54']",4bcd7a2cbb4e8c2e9e88f920ab465252b8f8f71cccb6098f14466ee8
1522798235722141157,13,4,23,"Jan 8, 2016 12:46:03","['4c630b36afeed38731650a363c9efcadc8b4ef2f5a0a5d213f493adc', '76e4af1fdf6e2261db1c0044d3b24c4d062d43fee3fcc0ea4140527b']",f70cbaf3a8d70ca45a544c8fcd1d755a7e06d5499539dcd5f011686a
1522798235722141157,13,4,23,"Jan 8, 2016 15:49:48",['f70cbaf3a8d70ca45a544c8fcd1d755a7e06d5499539dcd5f011686a'],4c630b36afeed38731650a363c9efcadc8b4ef2f5a0a5d213f493adc
1522798235722141157,13,4,23,"Jan 11, 2016 18:37:08",['4c630b36afeed38731650a363c9efcadc8b4ef2f5a0a5d213f493adc'],f70cbaf3a8d70ca45a544c8fcd1d755a7e06d5499539dcd5f011686a
1522798235722141157,13,4,23,"Jan 14, 2016 20:56:12",['f70cbaf3a8d70ca45a544c8fcd1d755a7e06d5499539dcd5f011686a'],4c630b36afeed38731650a363c9efcadc8b4ef2f5a0a5d213f493adc
1522798235722141157,13,4,23,"Jan 21, 2016 10:12:24",['4c630b36afeed38731650a363c9efcadc8b4ef2f5a0a5d213f493adc'],f70cbaf3a8d70ca45a544c8fcd1d755a7e06d5499539dcd5f011686a
1522798235722141157,13,4,23,"Jan 23, 2016 14:18:32",['f70cbaf3a8d70ca45a544c8fcd1d755a7e06d5499539dcd5f011686a'],4c630b36afeed38731650a363c9efcadc8b4ef2f5a0a5d213f493adc
1522798235722141157,13,4,23,"Jan 30, 2016 06:19:51",['76e4af1fdf6e2261db1c0044d3b24c4d062d43fee3fcc0ea4140527b'],f70cbaf3a8d70ca45a544c8fcd1d755a7e06d5499539dcd5f011686a
1522798235722141157,13,4,23,"Jan 30, 2016 14:27:23",['f70cbaf3a8d70ca45a544c8fcd1d755a7e06d5499539dcd5f011686a'],76e4af1fdf6e2261db1c0044d3b24c4d062d43fee3fcc0ea4140527b
1522798235722141157,13,4,23,"Jan 31, 2016 21:49:57",['4c630b36afeed38731650a363c9efcadc8b4ef2f5a0a5d213f493adc'],f70cbaf3a8d70ca45a544c8fcd1d755a7e06d5499539dcd5f011686a
1522798235722141157,13,4,23,"Jan 31, 2016 15:54:51","['f70cbaf3a8d70ca45a544c8fcd1d755a7e06d5499539dcd5f011686a', 'a3dfa2661c4ea434af8f3b52e402c11fffda6610d8f5f7b0386962c0']",4c630b36afeed38731650a363c9efcadc8b4ef2f5a0a5d213f493adc
1522798235722141157,13,4,23,"Jan 31, 2016 21:56:18",['76e4af1fdf6e2261db1c0044d3b24c4d062d43fee3fcc0ea4140527b'],f70cbaf3a8d70ca45a544c8fcd1d755a7e06d5499539dcd5f011686a
1522798235722141157,13,4,23,"Jan 31, 2016 22:10:51",['4c630b36afeed38731650a363c9efcadc8b4ef2f5a0a5d213f493adc'],f70cbaf3a8d70ca45a544c8fcd1d755a7e06d5499539dcd5f011686a
1522798235722141157,13,4,23,"Jan 31, 2016 18:55:41",['f70cbaf3a8d70ca45a544c8fcd1d755a7e06d5499539dcd5f011686a'],76e4af1fdf6e2261db1c0044d3b24c4d062d43fee3fcc0ea4140527b
1522742659760981388,11,3,24,"Jan 7, 2016 16:02:44",['85e7a3d241dc8ea42613927bbd9d85a6f7a6693363380340bd29257b'],76e4af1fdf6e2261db1c0044d3b24c4d062d43fee3fcc0ea4140527b
1522742659760981388,11,3,24,"Jan 15, 2016 18:01:11",['76e4af1fdf6e2261db1c0044d3b24c4d062d43fee3fcc0ea4140527b'],85e7a3d241dc8ea42613927bbd9d85a6f7a6693363380340bd29257b
1522742659760981388,11,3,24,"Jan 21, 2016 00:08:53",['85e7a3d241dc8ea42613927bbd9d85a6f7a6693363380340bd29257b'],76e4af1fdf6e2261db1c0044d3b24c4d062d43fee3fcc0ea4140527b
1522742659760981388,11,3,24,"Jan 21, 2016 17:22:35",['76e4af1fdf6e2261db1c0044d3b24c4d062d43fee3fcc0ea4140527b'],85e7a3d241dc8ea42613927bbd9d85a6f7a6693363380340bd29257b
1522742659760981388,11,3,24,"Jan 21, 2016 19:16:11",['85e7a3d241dc8ea42613927bbd9d85a6f7a6693363380340bd29257b'],85e7a3d241dc8ea42613927bbd9d85a6f7a6693363380340bd29257b
1522742659760981388,11,3,24,"Jan 21, 2016 19:26:48",['85e7a3d241dc8ea42613927bbd9d85a6f7a6693363380340bd29257b'],76e4af1fdf6e2261db1c0044d3b24c4d062d43fee3fcc0ea4140527b
1522742659760981388,11,3,24,"Jan 21, 2016 19:27:26",['76e4af1fdf6e2261db1c0044d3b24c4d062d43fee3fcc0ea4140527b'],85e7a3d241dc8ea42613927bbd9d85a6f7a6693363380340bd29257b
1522742659760981388,11,3,24,"Jan 21, 2016 19:31:26",['85e7a3d241dc8ea42613927bbd9d85a6f7a6693363380340bd29257b'],76e4af1fdf6e2261db1c0044d3b24c4d062d43fee3fcc0ea4140527b
1522742659760981388,11,3,24,"Jan 27, 2016 14:31:00",['85e7a3d241dc8ea42613927bbd9d85a6f7a6693363380340bd29257b'],76e4af1fdf6e2261db1c0044d3b24c4d062d43fee3fcc0ea4140527b
1522742659760981388,11,3,24,"Jan 29, 2016 11:31:11",['4bcd7a2cbb4e8c2e9e88f920ab465252b8f8f71cccb6098f14466ee8'],4bcd7a2cbb4e8c2e9e88f920ab465252b8f8f71cccb6098f14466ee8
1522742659760981388,11,3,24,"Jan 31, 2016 11:58:08",['4bcd7a2cbb4e8c2e9e88f920ab465252b8f8f71cccb6098f14466ee8'],4bcd7a2cbb4e8c2e9e88f920ab465252b8f8f71cccb6098f14466ee8
1521384483769408866,19,5,25,"Jan 2, 2016 19:16:08",['cced934edfa313e0d2e99c051b9321b8bc7032958e6bc933479dabe9'],76e4af1fdf6e2261db1c0044d3b24c4d062d43fee3fcc0ea4140527b
1521384483769408866,19,5,25,"Jan 4, 2016 09:13:26",['76e4af1fdf6e2261db1c0044d3b24c4d062d43fee3fcc0ea4140527b'],cced934edfa313e0d2e99c051b9321b8bc7032958e6bc933479dabe9
1521384483769408866,19,5,25,"Jan 8, 2016 09:25:00",['76e4af1fdf6e2261db1c0044d3b24c4d062d43fee3fcc0ea4140527b'],cced934edfa313e0d2e99c051b9321b8bc7032958e6bc933479dabe9
1521384483769408866,19,5,25,"Jan 12, 2016 09:15:46","['76e4af1fdf6e2261db1c0044d3b24c4d062d43fee3fcc0ea4140527b', '1445bae884b76a008a0208a4d938a4f571227224127371d4e3c4d85b']",cced934edfa313e0d2e99c051b9321b8bc7032958e6bc933479dabe9
1521384483769408866,19,5,25,"Jan 13, 2016 16:57:18","['76e4af1fdf6e2261db1c0044d3b24c4d062d43fee3fcc0ea4140527b', '1445bae884b76a008a0208a4d938a4f571227224127371d4e3c4d85b']",cced934edfa313e0d2e99c051b9321b8bc7032958e6bc933479dabe9
1521384483769408866,19,5,25,"Jan 3, 2016 18:08:11",['cced934edfa313e0d2e99c051b9321b8bc7032958e6bc933479dabe9'],1445bae884b76a008a0208a4d938a4f571227224127371d4e3c4d85b
1521384483769408866,19,5,25,"Jan 13, 2016 18:42:00",['1445bae884b76a008a0208a4d938a4f571227224127371d4e3c4d85b'],76e4af1fdf6e2261db1c0044d3b24c4d062d43fee3fcc0ea4140527b
1521384483769408866,19,5,25,"Jan 14, 2016 09:46:45",['76e4af1fdf6e2261db1c0044d3b24c4d062d43fee3fcc0ea4140527b'],cced934edfa313e0d2e99c051b9321b8bc7032958e6bc933479dabe9
1521384483769408866,19,5,25,"Jan 14, 2016 09:47:33",['1445bae884b76a008a0208a4d938a4f571227224127371d4e3c4d85b'],cced934edfa313e0d2e99c051b9321b8bc7032958e6bc933479dabe9
1521384483769408866,19,5,25,"Jan 14, 2016 13:11:39",['cced934edfa313e0d2e99c051b9321b8bc7032958e6bc933479dabe9'],76e4af1fdf6e2261db1c0044d3b24c4d062d43fee3fcc0ea4140527b
1521384483769408866,19,5,25,"Jan 14, 2016 17:34:47",['76e4af1fdf6e2261db1c0044d3b24c4d062d43fee3fcc0ea4140527b'],cced934edfa313e0d2e99c051b9321b8bc7032958e6bc933479dabe9
1521384483769408866,19,5,25,"Jan 15, 2016 17:11:54",['76e4af1fdf6e2261db1c0044d3b24c4d062d43fee3fcc0ea4140527b'],cced934edfa313e0d2e99c051b9321b8bc7032958e6bc933479dabe9
1521384483769408866,19,5,25,"Jan 20, 2016 09:20:39",['76e4af1fdf6e2261db1c0044d3b24c4d062d43fee3fcc0ea4140527b'],cced934edfa313e0d2e99c051b9321b8bc7032958e6bc933479dabe9
1521384483769408866,19,5,25,"Jan 20, 2016 10:20:41",['cced934edfa313e0d2e99c051b9321b8bc7032958e6bc933479dabe9'],76e4af1fdf6e2261db1c0044d3b24c4d062d43fee3fcc0ea4140527b
1521384483769408866,19,5,25,"Jan 20, 2016 10:23:24",['76e4af1fdf6e2261db1c0044d3b24c4d062d43fee3fcc0ea4140527b'],cced934edfa313e0d2e99c051b9321b8bc7032958e6bc933479dabe9
1521384483769408866,19,5,25,"Jan 20, 2016 10:26:02",['cced934edfa313e0d2e99c051b9321b8bc7032958e6bc933479dabe9'],76e4af1fdf6e2261db1c0044d3b24c4d062d43fee3fcc0ea4140527b
1521384483769408866,19,5,25,"Jan 27, 2016 01:03:46",['cced934edfa313e0d2e99c051b9321b8bc7032958e6bc933479dabe9'],11e581f1dca98133ded5b0a3190d6adc3f61999ae827d3526a03e1f9
1521384483769408866,19,5,25,"Jan 27, 2016 08:51:46","['11e581f1dca98133ded5b0a3190d6adc3f61999ae827d3526a03e1f9', 'cced934edfa313e0d2e99c051b9321b8bc7032958e6bc933479dabe9']",c7a9bc8bf789265a01b62a451778673b5b3a6c4ffc47cdcb17b8f20f
1521384483769408866,19,5,25,"Jan 27, 2016 14:13:10",['c7a9bc8bf789265a01b62a451778673b5b3a6c4ffc47cdcb17b8f20f'],76e4af1fdf6e2261db1c0044d3b24c4d062d43fee3fcc0ea4140527b